X_1,X_2,Class A,Class B,Class C,Class D
-2.5603521086836527,1.9690223965262923,1.0,0.0,0.0,0.0
-1.620928423880468,0.5354195147983916,1.0,0.0,0.0,0.0
0.4119461217868716,1.5232678565220492,1.0,0.0,0.0,0.0
-1.7804692138966494,3.0702677351463548,1.0,0.0,0.0,0.0
-2.2822925958895173,0.6725210989718053,1.0,0.0,0.0,0.0
-0.8736623604125474,2.862193715454203,1.0,0.0,0.0,0.0
-0.3032630360902514,1.6654348151046312,1.0,0.0,0.0,0.0
-1.9975260642855341,3.59890829389468,1.0,0.0,0.0,0.0
2.3140753455120797,2.987770461035374,1.0,0.0,0.0,0.0
-0.8761337425061136,2.7427853929558954,1.0,0.0,0.0,0.0
-1.3939558507212557,2.148115817769096,1.0,0.0,0.0,0.0
-1.412234452797342,1.8392849389891188,1.0,0.0,0.0,0.0
-0.8604685252344806,2.2854693686645726,1.0,0.0,0.0,0.0
-1.2812619926075488,3.710907316077104,1.0,0.0,0.0,0.0
-1.149766638976786,2.6903067181177147,1.0,0.0,0.0,0.0
0.09520951235976471,3.338408703217107,1.0,0.0,0.0,0.0
-2.3689816682891647,2.48642762751983,1.0,0.0,0.0,0.0
-0.24647832042114737,2.363464593567224,1.0,0.0,0.0,0.0
-1.3147104809419141,3.373281168966614,1.0,0.0,0.0,0.0
-1.6244171638565856,2.375753997452122,1.0,0.0,0.0,0.0
-1.2004163152026506,2.743038060258896,1.0,0.0,0.0,0.0
-0.142638042765185,0.4938107138003416,1.0,0.0,0.0,0.0
-2.6663521707928517,1.7810051974850203,1.0,0.0,0.0,0.0
-1.358858429158775,2.3785276936421464,1.0,0.0,0.0,0.0
-0.3157846341738384,0.8321439326632449,1.0,0.0,0.0,0.0
-1.793216618656822,1.9611646037263673,1.0,0.0,0.0,0.0
1.7052549929123968,0.5086114927442418,1.0,0.0,0.0,0.0
-0.9040220679431648,2.5246867078994875,1.0,0.0,0.0,0.0
-0.18433449859579742,2.0515058038487037,1.0,0.0,0.0,0.0
-1.1645553595815954,2.2781994164081527,1.0,0.0,0.0,0.0
-0.9128852981401914,2.034268369177231,1.0,0.0,0.0,0.0
-0.253431083721923,1.056362416209157,1.0,0.0,0.0,0.0
-1.2457766664943775,3.1081209585349274,1.0,0.0,0.0,0.0
-0.9609921094871494,1.786733313414049,1.0,0.0,0.0,0.0
-1.8909546137495603,1.7293536620625418,1.0,0.0,0.0,0.0
-0.7777562816925032,2.2518135971099835,1.0,0.0,0.0,0.0
-0.29207391269403793,2.493989831506923,1.0,0.0,0.0,0.0
0.47100166897152573,1.4173805309234297,1.0,0.0,0.0,0.0
1.0658194925301716,3.0878338869571227,1.0,0.0,0.0,0.0
-0.1948109600222,0.41211516067522846,1.0,0.0,0.0,0.0
0.2308854996614369,-0.3734533786234433,1.0,0.0,0.0,0.0
-1.0311109701201513,-1.8098903778515631,1.0,0.0,0.0,0.0
-1.199049691639798,2.3504307422326978,1.0,0.0,0.0,0.0
-1.0525507847890045,1.3657189167493646,1.0,0.0,0.0,0.0
-1.3629311057178677,-0.5709197609296757,1.0,0.0,0.0,0.0
-0.8624852602433918,1.2807038125730041,1.0,0.0,0.0,0.0
-0.2714771145772328,3.6217454852449418,1.0,0.0,0.0,0.0
0.5216622497713628,0.6932265703344609,1.0,0.0,0.0,0.0
-1.889768302268911,2.0052677409570454,1.0,0.0,0.0,0.0
-0.13357512983156894,1.464464419673806,1.0,0.0,0.0,0.0
-1.2581489177055185,2.0471561580228643,1.0,0.0,0.0,0.0
-1.4270651479826055,1.8787670342092688,1.0,0.0,0.0,0.0
-1.1685745460640906,1.804101068146729,1.0,0.0,0.0,0.0
-1.1933431172633124,2.2966301005827647,1.0,0.0,0.0,0.0
-1.7602454273286374,-0.44471578237918363,1.0,0.0,0.0,0.0
-1.5305373007795864,2.8423456000417398,1.0,0.0,0.0,0.0
-1.1647860463994846,0.715898273465249,1.0,0.0,0.0,0.0
-0.799828516405066,2.848509079440007,1.0,0.0,0.0,0.0
-2.709845431206054,0.41633092957150875,1.0,0.0,0.0,0.0
-2.1004897477518036,0.8427424591159764,1.0,0.0,0.0,0.0
0.8080448605161614,0.8888213889252257,1.0,0.0,0.0,0.0
-0.12958465210333192,2.7489728319626305,1.0,0.0,0.0,0.0
-0.29046743215075177,2.3161494271200094,1.0,0.0,0.0,0.0
-1.7782142451646727,1.4640384074192645,1.0,0.0,0.0,0.0
-2.173832220974607,1.0652037960056662,1.0,0.0,0.0,0.0
-2.1000396479580115,1.9720061872056391,1.0,0.0,0.0,0.0
-1.6406220849930453,2.424230643531259,1.0,0.0,0.0,0.0
0.16286277306139363,4.464372265445675,1.0,0.0,0.0,0.0
-1.1366493212755688,0.4240471175675906,1.0,0.0,0.0,0.0
0.38272763604174953,1.8406960091263564,1.0,0.0,0.0,0.0
-0.21604056683719852,0.783932695202666,1.0,0.0,0.0,0.0
-1.5258822746980862,2.161969555546576,1.0,0.0,0.0,0.0
-1.923367564289644,3.2627330778166113,1.0,0.0,0.0,0.0
0.6350048296395743,2.3322132986864124,1.0,0.0,0.0,0.0
-1.5565785280251334,1.2822468838913523,1.0,0.0,0.0,0.0
5.673873593437313,1.6167105401189192,1.0,0.0,0.0,0.0
5.287215424547109,2.660447070690874,1.0,0.0,0.0,0.0
5.155356058307703,1.923201429172631,1.0,0.0,0.0,0.0
7.519789805487041,1.12308780482643,1.0,0.0,0.0,0.0
6.001591740287811,1.4444588722517913,1.0,0.0,0.0,0.0
6.331438962443689,1.452390051303814,1.0,0.0,0.0,0.0
4.122608449531711,1.3144349152313155,1.0,0.0,0.0,0.0
5.166305799615367,2.885149586749574,1.0,0.0,0.0,0.0
5.774242015697988,1.993189520871848,1.0,0.0,0.0,0.0
6.00989442499708,1.9276508549796334,1.0,0.0,0.0,0.0
4.7362474203680405,0.5127622814296697,1.0,0.0,0.0,0.0
4.575839652239836,0.9939655998175201,1.0,0.0,0.0,0.0
4.403450493969411,2.1554326754345934,1.0,0.0,0.0,0.0
8.579488156242874,1.5704432793893766,1.0,0.0,0.0,0.0
3.1990275470561524,2.019219582009212,1.0,0.0,0.0,0.0
4.708854832796325,2.7449053076110435,1.0,0.0,0.0,0.0
6.048135589051598,0.611861236206479,1.0,0.0,0.0,0.0
6.725573473843896,1.7924235655323233,1.0,0.0,0.0,0.0
5.856233431734069,1.4743187782453115,1.0,0.0,0.0,0.0
8.712144385065207,1.9221099145011995,1.0,0.0,0.0,0.0
6.0820972216075795,2.0643275854712453,1.0,0.0,0.0,0.0
5.069574156789712,1.935423912060265,1.0,0.0,0.0,0.0
5.91466105266051,3.7716876475951313,1.0,0.0,0.0,0.0
5.0344291943941375,3.3703542690417887,1.0,0.0,0.0,0.0
5.432721507406976,0.930841576590993,1.0,0.0,0.0,0.0
6.565021809637276,2.057264827021511,1.0,0.0,0.0,0.0
6.241574831757186,2.486172644848539,1.0,0.0,0.0,0.0
5.63656659680329,2.4890118743802434,1.0,0.0,0.0,0.0
6.635252923604565,2.801430624047858,1.0,0.0,0.0,0.0
5.601579476478745,1.6550542609010335,1.0,0.0,0.0,0.0
4.567833314500437,0.7293080890633328,1.0,0.0,0.0,0.0
6.438957744239414,2.1552359729044293,1.0,0.0,0.0,0.0
5.5157583295568,1.6968403628316928,1.0,0.0,0.0,0.0
5.941308874547028,3.4969778934673417,1.0,0.0,0.0,0.0
6.838017921186646,2.2357208438367318,1.0,0.0,0.0,0.0
5.124025946606134,1.7566933637831088,1.0,0.0,0.0,0.0
7.577870411740003,3.7404150299324277,1.0,0.0,0.0,0.0
7.089508817967205,3.2221707321299595,1.0,0.0,0.0,0.0
6.471341325777454,0.543347842390979,1.0,0.0,0.0,0.0
6.564312136426053,0.8935619692013561,1.0,0.0,0.0,0.0
4.861676876406753,2.565288910861798,1.0,0.0,0.0,0.0
6.714658412729156,3.2802529176754884,1.0,0.0,0.0,0.0
6.375285190402881,3.0017935392862727,1.0,0.0,0.0,0.0
5.260655054948662,0.3166424608586691,1.0,0.0,0.0,0.0
6.428465861111027,1.5378020409423652,1.0,0.0,0.0,0.0
3.97834910859954,0.7590794516795349,1.0,0.0,0.0,0.0
7.459375578279091,2.3522133685475457,1.0,0.0,0.0,0.0
5.841559667543421,2.4089030740203667,1.0,0.0,0.0,0.0
6.7611783110856445,1.0166051868188082,1.0,0.0,0.0,0.0
5.391861069690999,0.5695984173031725,1.0,0.0,0.0,0.0
5.751711106899455,0.4897772857568963,1.0,0.0,0.0,0.0
6.383790122101838,3.124326698678767,1.0,0.0,0.0,0.0
5.803263754168599,1.1198241245814333,1.0,0.0,0.0,0.0
5.758700476367983,2.407624239695908,1.0,0.0,0.0,0.0
5.598947478923232,1.444471105424166,1.0,0.0,0.0,0.0
5.724048241193139,2.6817192217125205,1.0,0.0,0.0,0.0
5.50112953967457,1.1577124538809702,1.0,0.0,0.0,0.0
4.194461941697879,3.8483637886659685,1.0,0.0,0.0,0.0
6.893053553227761,4.202079760436273,1.0,0.0,0.0,0.0
6.897028755555586,2.5779418746569016,1.0,0.0,0.0,0.0
5.5944335792810005,2.634672688433589,1.0,0.0,0.0,0.0
5.5512955537604585,2.6895477679642354,1.0,0.0,0.0,0.0
6.401277615607561,1.7758638316020268,1.0,0.0,0.0,0.0
8.32647758881362,1.2248786096903346,1.0,0.0,0.0,0.0
6.866653262427466,1.5697368425813236,1.0,0.0,0.0,0.0
4.89420097465272,1.4473217822626836,1.0,0.0,0.0,0.0
5.414759929150448,2.6405375524576455,1.0,0.0,0.0,0.0
6.846058999870509,2.6759947933008106,1.0,0.0,0.0,0.0
5.192434131318801,1.5149822814804859,1.0,0.0,0.0,0.0
4.047785563189006,2.9200069599451792,1.0,0.0,0.0,0.0
6.807964494847662,1.6080954778600602,1.0,0.0,0.0,0.0
6.056867426759238,0.05392814898927689,1.0,0.0,0.0,0.0
4.647795887409957,2.4411462837368587,1.0,0.0,0.0,0.0
4.9165500422338395,1.3790725057446724,1.0,0.0,0.0,0.0
6.295631358839719,1.8749648594749324,1.0,0.0,0.0,0.0
5.482243787693527,7.84553605080294,0.0,1.0,0.0,0.0
6.147896686106614,7.29914013401529,0.0,1.0,0.0,0.0
6.098070676664763,7.053107417612212,0.0,1.0,0.0,0.0
4.169515653686257,7.574052585085978,0.0,1.0,0.0,0.0
5.820137704077479,8.27944033644297,0.0,1.0,0.0,0.0
2.9925048394053215,6.2748584165804875,0.0,1.0,0.0,0.0
3.8302577982568935,7.814841883107794,0.0,1.0,0.0,0.0
3.840177257556716,5.398952378939414,0.0,1.0,0.0,0.0
5.1492289668608935,8.884881593195773,0.0,1.0,0.0,0.0
6.031405286243696,5.2120681451679225,0.0,1.0,0.0,0.0
5.115385723875312,7.590801117453259,0.0,1.0,0.0,0.0
4.703970840372205,7.257384066410871,0.0,1.0,0.0,0.0
6.82361027284858,7.236706524026946,0.0,1.0,0.0,0.0
4.08750592119063,7.5918904466247445,0.0,1.0,0.0,0.0
5.258657608314783,6.856580199116521,0.0,1.0,0.0,0.0
3.7879124400319224,6.1851676044946045,0.0,1.0,0.0,0.0
6.4357625739070965,6.5334699795703255,0.0,1.0,0.0,0.0
5.242007442421136,5.951095859255905,0.0,1.0,0.0,0.0
4.6145026813024685,7.575165509684721,0.0,1.0,0.0,0.0
4.901112677046069,6.280180487938785,0.0,1.0,0.0,0.0
4.295811240545943,5.221436028991883,0.0,1.0,0.0,0.0
4.643704080189175,6.775132783313145,0.0,1.0,0.0,0.0
4.255470251374135,5.8050172488548775,0.0,1.0,0.0,0.0
6.603033244318732,7.3921290135123146,0.0,1.0,0.0,0.0
4.32998511700598,6.899259382795998,0.0,1.0,0.0,0.0
4.838504515395485,7.7282555981536145,0.0,1.0,0.0,0.0
5.223545818164603,6.11480428242673,0.0,1.0,0.0,0.0
4.5532007828508725,6.775130868521689,0.0,1.0,0.0,0.0
5.215236598013144,8.25758331603528,0.0,1.0,0.0,0.0
4.638349607545522,6.515511705068565,0.0,1.0,0.0,0.0
6.071429005622606,7.671795589780856,0.0,1.0,0.0,0.0
4.486811364407027,5.6873482763149,0.0,1.0,0.0,0.0
4.423452212083891,7.1745287572019905,0.0,1.0,0.0,0.0
6.862479456951988,6.32174877321617,0.0,1.0,0.0,0.0
4.219097602122968,7.489834310795533,0.0,1.0,0.0,0.0
5.303330612214755,6.341255224908998,0.0,1.0,0.0,0.0
4.472437313248492,7.091886227083645,0.0,1.0,0.0,0.0
6.443993132161451,5.424136260394995,0.0,1.0,0.0,0.0
4.738025926418041,7.0831806899801535,0.0,1.0,0.0,0.0
5.955929441331139,6.887850641959483,0.0,1.0,0.0,0.0
6.154654406706795,7.015294585753513,0.0,1.0,0.0,0.0
6.630405406383412,5.693557695633476,0.0,1.0,0.0,0.0
4.775454821157239,6.426383862192474,0.0,1.0,0.0,0.0
5.104692732273659,6.5192592820595054,0.0,1.0,0.0,0.0
5.934579225564374,7.1779047146308725,0.0,1.0,0.0,0.0
4.116210340009142,6.961969710506803,0.0,1.0,0.0,0.0
5.842825425985044,7.580508274352024,0.0,1.0,0.0,0.0
5.646377531594308,7.324305652856037,0.0,1.0,0.0,0.0
4.312649228761096,6.333196502156136,0.0,1.0,0.0,0.0
3.9166590811690813,6.087074088324174,0.0,1.0,0.0,0.0
4.688628718247774,8.011091356021897,0.0,1.0,0.0,0.0
3.3808978966637557,5.6955189104082,0.0,1.0,0.0,0.0
5.150003931313641,8.03228063378371,0.0,1.0,0.0,0.0
4.749117887723493,5.811448960294273,0.0,1.0,0.0,0.0
2.256961471524915,7.515336005201433,0.0,1.0,0.0,0.0
4.9641221781947795,7.361059835642343,0.0,1.0,0.0,0.0
4.616361665631017,7.076549743327305,0.0,1.0,0.0,0.0
6.012757958646304,7.380778343431936,0.0,1.0,0.0,0.0
5.391314782907969,6.753537689987624,0.0,1.0,0.0,0.0
5.32127172007349,7.920384465788831,0.0,1.0,0.0,0.0
4.588089997056905,5.16765557414953,0.0,1.0,0.0,0.0
5.336383113978889,7.143411800795035,0.0,1.0,0.0,0.0
3.559661723624197,8.083600020144065,0.0,1.0,0.0,0.0
4.843007732846268,4.851602806587097,0.0,1.0,0.0,0.0
3.7153604429542675,6.663100588974689,0.0,1.0,0.0,0.0
5.763257397415134,6.723624209652401,0.0,1.0,0.0,0.0
4.931160408072088,7.492974844998428,0.0,1.0,0.0,0.0
5.615316739964806,7.692037105160725,0.0,1.0,0.0,0.0
3.5704987999407454,8.400977041761706,0.0,1.0,0.0,0.0
3.5798964755456337,7.421854632924038,0.0,1.0,0.0,0.0
4.7453278997735024,7.199174380757663,0.0,1.0,0.0,0.0
2.469955617628727,6.322387049733334,0.0,1.0,0.0,0.0
4.198160817577651,5.114991292140559,0.0,1.0,0.0,0.0
4.849135763053441,6.945532034191397,0.0,1.0,0.0,0.0
4.114282019405554,6.877604233170789,0.0,1.0,0.0,0.0
2.6465903146415073,-4.249348421508591,0.0,1.0,0.0,0.0
1.5837547033732027,-1.8579133085237514,0.0,1.0,0.0,0.0
2.4120339811079345,-1.1233971026309892,0.0,1.0,0.0,0.0
3.944204047884506,-2.3763641525641113,0.0,1.0,0.0,0.0
2.7301870843306113,-2.3255596616735605,0.0,1.0,0.0,0.0
3.3993197984947834,-3.0345761644883344,0.0,1.0,0.0,0.0
2.7550333206337134,-2.8699068821628404,0.0,1.0,0.0,0.0
3.690801584474084,-1.6160785290296564,0.0,1.0,0.0,0.0
1.4023455701996554,-3.346210416337876,0.0,1.0,0.0,0.0
2.4596946871024845,-1.9666115722882491,0.0,1.0,0.0,0.0
3.2912109995943735,-1.541412411853538,0.0,1.0,0.0,0.0
2.1217264320237055,-1.340021736766436,0.0,1.0,0.0,0.0
3.4245117833410887,-1.8286760060811198,0.0,1.0,0.0,0.0
2.7734672067418216,-1.4976247055040923,0.0,1.0,0.0,0.0
2.3706501748232944,-3.0087762217919725,0.0,1.0,0.0,0.0
3.48577284520049,-3.5381066438729123,0.0,1.0,0.0,0.0
3.951474821432919,-0.9825235963919297,0.0,1.0,0.0,0.0
4.774150629468588,-1.5340970230641893,0.0,1.0,0.0,0.0
3.3570469280366773,-2.023207966399977,0.0,1.0,0.0,0.0
3.13123996411227,-2.518211908970674,0.0,1.0,0.0,0.0
3.983903508243282,-0.38907360112959966,0.0,1.0,0.0,0.0
2.5309787041166776,-1.6832113211687654,0.0,1.0,0.0,0.0
2.5125289786428056,-3.3605816178582284,0.0,1.0,0.0,0.0
2.077149137849807,-3.5182676607072896,0.0,1.0,0.0,0.0
3.67187908238377,-2.855118904826637,0.0,1.0,0.0,0.0
2.9980566133452426,-1.6118131033334915,0.0,1.0,0.0,0.0
3.054931225803841,-2.5370679721439635,0.0,1.0,0.0,0.0
2.5297628015041638,-1.5545996322163689,0.0,1.0,0.0,0.0
4.161671305852868,-1.3534385956689547,0.0,1.0,0.0,0.0
2.3055950770896074,-2.9182738465468936,0.0,1.0,0.0,0.0
4.017725486440794,-3.2828697848231663,0.0,1.0,0.0,0.0
2.742252536722646,-2.4231959073407396,0.0,1.0,0.0,0.0
3.799347968400933,-1.3564122862652206,0.0,1.0,0.0,0.0
0.9567654214235786,-1.3299871113093922,0.0,1.0,0.0,0.0
4.095249322360232,-0.8478536983255511,0.0,1.0,0.0,0.0
4.245636057686172,-3.314722066063305,0.0,1.0,0.0,0.0
3.7612625102967505,-2.0049078324583176,0.0,1.0,0.0,0.0
5.872209760844028,-3.173074205932161,0.0,1.0,0.0,0.0
3.017282112401979,-1.6284009158531216,0.0,1.0,0.0,0.0
3.655243684690997,-1.9425730431592294,0.0,1.0,0.0,0.0
2.5248107137687006,-2.749636755144678,0.0,1.0,0.0,0.0
1.5240157905344587,-1.0592521992654507,0.0,1.0,0.0,0.0
2.488687334549927,-1.1718917686356631,0.0,1.0,0.0,0.0
3.3487352549875644,-0.9746423267071584,0.0,1.0,0.0,0.0
3.234227602223397,-2.318791595038844,0.0,1.0,0.0,0.0
3.055386264171871,-2.3062288224505787,0.0,1.0,0.0,0.0
3.915820219658457,-1.0839044792170867,0.0,1.0,0.0,0.0
3.0832448654797973,-1.5624851263201434,0.0,1.0,0.0,0.0
0.5574396960032337,-1.3623220556169728,0.0,1.0,0.0,0.0
3.9269630987569224,-2.0106412613406768,0.0,1.0,0.0,0.0
3.406507162736943,-4.888009231593391,0.0,1.0,0.0,0.0
2.260743550013019,-2.5443745038271146,0.0,1.0,0.0,0.0
3.706284778586336,-2.394060148916679,0.0,1.0,0.0,0.0
4.000326912818003,-2.1853336063231406,0.0,1.0,0.0,0.0
5.369245701190573,-1.6956088426178328,0.0,1.0,0.0,0.0
4.656808260052372,-1.472216377636568,0.0,1.0,0.0,0.0
2.0603420695571995,-0.25580002123531864,0.0,1.0,0.0,0.0
3.500531092609328,-0.5837741162836709,0.0,1.0,0.0,0.0
2.2297135251717957,-4.768681546523868,0.0,1.0,0.0,0.0
2.9681092534940072,-2.988234871894309,0.0,1.0,0.0,0.0
3.473758992312744,-0.664983497421616,0.0,1.0,0.0,0.0
5.4994102515173395,-2.0811765029497034,0.0,1.0,0.0,0.0
2.7324191818908834,-4.008867521150037,0.0,1.0,0.0,0.0
2.4395090377794144,-2.321798442995658,0.0,1.0,0.0,0.0
3.9982656140051356,-2.4962378688178593,0.0,1.0,0.0,0.0
3.495479249386078,-4.208406172316222,0.0,1.0,0.0,0.0
3.0166205679277422,-1.4485749533270695,0.0,1.0,0.0,0.0
1.3635514994948141,-1.9091725083877589,0.0,1.0,0.0,0.0
3.6428328353840103,-3.240851300785133,0.0,1.0,0.0,0.0
4.293192094914659,-2.3443028407652378,0.0,1.0,0.0,0.0
2.921094820349768,-2.393887201643735,0.0,1.0,0.0,0.0
2.445073693615251,-1.6212683425538956,0.0,1.0,0.0,0.0
1.2430284103775708,-2.7531645333652097,0.0,1.0,0.0,0.0
3.3772347784786754,-2.274150965726486,0.0,1.0,0.0,0.0
3.1273859602577128,-3.010815361888289,0.0,1.0,0.0,0.0
5.493108237295721,-1.5146865936274623,0.0,0.0,1.0,0.0
7.393125393385324,-3.0922603978411893,0.0,0.0,1.0,0.0
6.757997674916901,-1.4026737323783935,0.0,0.0,1.0,0.0
7.235514130207417,-2.4234292774082493,0.0,0.0,1.0,0.0
6.546651891046341,-3.145158028029539,0.0,0.0,1.0,0.0
7.428829310949197,-1.4355365939352729,0.0,0.0,1.0,0.0
8.496121203918015,-0.5735007489245738,0.0,0.0,1.0,0.0
7.19415495800858,-2.3366371549609344,0.0,0.0,1.0,0.0
4.982248143809423,-2.3421209058605714,0.0,0.0,1.0,0.0
6.470405971091735,-2.039397281419446,0.0,0.0,1.0,0.0
7.106051011991036,-3.0059885604572427,0.0,0.0,1.0,0.0
8.450060451634233,-2.984372093660398,0.0,0.0,1.0,0.0
6.447961719857325,-3.4330413969461038,0.0,0.0,1.0,0.0
8.232541649986226,-0.7117456949386323,0.0,0.0,1.0,0.0
7.783296538638651,-3.3010320527899557,0.0,0.0,1.0,0.0
7.870231217689568,-1.8923856714882596,0.0,0.0,1.0,0.0
7.238425198316866,-0.9317140055290407,0.0,0.0,1.0,0.0
6.013176807483846,-1.3204294874554336,0.0,0.0,1.0,0.0
7.919827590619205,-1.6352834874599713,0.0,0.0,1.0,0.0
5.236982852416798,-3.7662224643818734,0.0,0.0,1.0,0.0
6.997307413044498,-2.2341518679402013,0.0,0.0,1.0,0.0
8.279488826999897,-3.160621172056452,0.0,0.0,1.0,0.0
6.752702083279189,-2.690473826873045,0.0,0.0,1.0,0.0
6.385638969933845,-2.3760973636293423,0.0,0.0,1.0,0.0
6.529653230370605,-2.5658737688550683,0.0,0.0,1.0,0.0
6.701811481288704,-2.206417975891067,0.0,0.0,1.0,0.0
6.129639884038677,-3.0357293823821987,0.0,0.0,1.0,0.0
8.691940655451669,-1.2388198062300986,0.0,0.0,1.0,0.0
8.314709758584133,-2.0369800071067052,0.0,0.0,1.0,0.0
5.3797445902721055,-2.7316275372222676,0.0,0.0,1.0,0.0
7.201585035470108,-2.8357978958102192,0.0,0.0,1.0,0.0
7.4224314382790775,-3.3422559794387237,0.0,0.0,1.0,0.0
6.179860314902697,-2.5185477492016197,0.0,0.0,1.0,0.0
7.304264082752227,-1.3023882355025964,0.0,0.0,1.0,0.0
6.273240465741284,-0.761875981483588,0.0,0.0,1.0,0.0
3.5372131014411345,-1.7275133432607723,0.0,0.0,1.0,0.0
7.0804508768789525,-0.6309860363506492,0.0,0.0,1.0,0.0
6.569912691107038,-2.6323304104859626,0.0,0.0,1.0,0.0
5.8641160325432535,-2.270769262201166,0.0,0.0,1.0,0.0
6.787136942548721,-1.768604923657107,0.0,0.0,1.0,0.0
8.119656132517282,-1.82850670788177,0.0,0.0,1.0,0.0
5.858045160890701,-1.8704601140303874,0.0,0.0,1.0,0.0
6.248519184240729,-1.3290364475794112,0.0,0.0,1.0,0.0
9.189307105224522,-2.2631252736013394,0.0,0.0,1.0,0.0
7.110896663260795,-3.4208895765432574,0.0,0.0,1.0,0.0
7.500013518889278,-1.208607161677374,0.0,0.0,1.0,0.0
7.990581563689821,-2.639389884398013,0.0,0.0,1.0,0.0
5.812379733764646,-1.6591710892919316,0.0,0.0,1.0,0.0
7.420658542486933,-2.5504271103634135,0.0,0.0,1.0,0.0
8.763137514228562,-3.1393331060527117,0.0,0.0,1.0,0.0
7.201632682332534,-0.728556728166164,0.0,0.0,1.0,0.0
7.1498965644934955,-1.464075559566525,0.0,0.0,1.0,0.0
7.418150495169369,-1.2850087442857765,0.0,0.0,1.0,0.0
7.293793174081326,-2.0861400387583635,0.0,0.0,1.0,0.0
9.25902489133842,-2.210729770843263,0.0,0.0,1.0,0.0
6.579276529511976,-3.3924415951758613,0.0,0.0,1.0,0.0
5.753167009923864,-1.1064953441835175,0.0,0.0,1.0,0.0
5.713556235154023,-1.1138943774790455,0.0,0.0,1.0,0.0
8.666182907720842,-1.1694341096728382,0.0,0.0,1.0,0.0
8.650995164461468,-1.444225410572938,0.0,0.0,1.0,0.0
6.998716903322335,-2.541114392946758,0.0,0.0,1.0,0.0
7.256770787325256,-0.9961529005710772,0.0,0.0,1.0,0.0
6.876663073700037,-2.9614810444317783,0.0,0.0,1.0,0.0
7.241493680339344,-2.837685810204832,0.0,0.0,1.0,0.0
8.268822774570928,-0.7265524929567699,0.0,0.0,1.0,0.0
9.37143535367162,-3.9992793161532023,0.0,0.0,1.0,0.0
8.094858497193645,-1.8915342624456888,0.0,0.0,1.0,0.0
9.005304998041609,-2.089506707003556,0.0,0.0,1.0,0.0
7.3437873622917,-2.7810621016871355,0.0,0.0,1.0,0.0
8.24023234936396,-1.6779924205865258,0.0,0.0,1.0,0.0
7.650065511765358,-1.481644050422124,0.0,0.0,1.0,0.0
5.900251252473521,-0.5721255448741807,0.0,0.0,1.0,0.0
5.572964011668188,-1.3904024014955791,0.0,0.0,1.0,0.0
6.283161326569836,-2.4244008184194237,0.0,0.0,1.0,0.0
6.589909780081466,-2.6991218591874344,0.0,0.0,1.0,0.0
-0.639094852262393,8.789382800931604,0.0,0.0,1.0,0.0
-0.2811892228316763,7.515784886485558,0.0,0.0,1.0,0.0
0.024594169428736285,9.135603215170653,0.0,0.0,1.0,0.0
0.5989443932980815,8.426473687566027,0.0,0.0,1.0,0.0
1.8520700131005559,7.874471820311362,0.0,0.0,1.0,0.0
0.5980800109721034,7.6549123621821025,0.0,0.0,1.0,0.0
-0.4665837921202417,5.824751993532059,0.0,0.0,1.0,0.0
-0.24997851335676108,7.03065410310134,0.0,0.0,1.0,0.0
-1.9003649703705014,6.610847236086731,0.0,0.0,1.0,0.0
-0.5948309444264037,7.0765069901165445,0.0,0.0,1.0,0.0
0.6729939485737332,7.078064239719269,0.0,0.0,1.0,0.0
-0.9001960515982261,7.61846975837922,0.0,0.0,1.0,0.0
-1.1832413524937035,6.4757437451070246,0.0,0.0,1.0,0.0
-1.05142439669957,5.871141612494322,0.0,0.0,1.0,0.0
-0.7793855329726179,6.594703915863649,0.0,0.0,1.0,0.0
0.8635660354272582,7.500130184287051,0.0,0.0,1.0,0.0
-1.246788464151602,7.447023401553666,0.0,0.0,1.0,0.0
0.22725529504571843,8.465720941398411,0.0,0.0,1.0,0.0
-1.2461722394873282,6.208289309380949,0.0,0.0,1.0,0.0
2.513214335894289,7.637126832267506,0.0,0.0,1.0,0.0
-0.08183289582549103,7.367076751132886,0.0,0.0,1.0,0.0
0.3312823022168929,7.828557097605035,0.0,0.0,1.0,0.0
-0.9421024375963842,5.839779586092712,0.0,0.0,1.0,0.0
-1.0115761396082412,7.498983751500025,0.0,0.0,1.0,0.0
-1.2894037585679976,7.337787418670637,0.0,0.0,1.0,0.0
0.9216385337956747,7.531129743340912,0.0,0.0,1.0,0.0
-1.07879015714818,8.728833938225803,0.0,0.0,1.0,0.0
0.9259153143017099,7.322083513476103,0.0,0.0,1.0,0.0
0.416836605054698,6.901053629568515,0.0,0.0,1.0,0.0
-0.06476138786613517,8.09948796162089,0.0,0.0,1.0,0.0
-1.2419866455438924,7.083715262861653,0.0,0.0,1.0,0.0
-0.3649863213159522,9.223269007252368,0.0,0.0,1.0,0.0
-0.6970127401216509,7.669208875733292,0.0,0.0,1.0,0.0
-0.2266648123305275,7.886852247202226,0.0,0.0,1.0,0.0
-0.82764558416482,8.762052083815778,0.0,0.0,1.0,0.0
-1.1835314122296978,6.4201997525814045,0.0,0.0,1.0,0.0
0.2135054454061206,8.223132371969708,0.0,0.0,1.0,0.0
-0.6845090977158386,8.376543283960695,0.0,0.0,1.0,0.0
1.2361828369332368,7.580723061448468,0.0,0.0,1.0,0.0
-1.4613463552999117,8.743523957037898,0.0,0.0,1.0,0.0
-1.6101746781791983,5.749827344201689,0.0,0.0,1.0,0.0
-0.47511073734171183,9.227060829504438,0.0,0.0,1.0,0.0
-0.9639203504489793,6.30392965486317,0.0,0.0,1.0,0.0
0.8729827003670568,8.222178966715028,0.0,0.0,1.0,0.0
-0.813059728135734,7.108085532009373,0.0,0.0,1.0,0.0
-1.0776015936147314,4.1540842999550325,0.0,0.0,1.0,0.0
-0.3603598073720223,7.745821224448852,0.0,0.0,1.0,0.0
2.8132420484955194,8.209996567380513,0.0,0.0,1.0,0.0
-1.3138738653860025,8.466000950618248,0.0,0.0,1.0,0.0
1.3617459631120634,5.907298769487423,0.0,0.0,1.0,0.0
-0.6191627010316911,6.7117603535288435,0.0,0.0,1.0,0.0
-0.6055738930469658,7.243217581668276,0.0,0.0,1.0,0.0
0.21521253015833983,7.191023788531774,0.0,0.0,1.0,0.0
0.19066296557621842,6.411541089573397,0.0,0.0,1.0,0.0
0.017915218410745636,4.435667679848788,0.0,0.0,1.0,0.0
-0.802631743807976,8.149523057712294,0.0,0.0,1.0,0.0
1.9716659550553308,9.217523038490182,0.0,0.0,1.0,0.0
-0.1673807667534089,5.833656741986166,0.0,0.0,1.0,0.0
-1.9208848239967378,7.10101274414653,0.0,0.0,1.0,0.0
1.5974817330146724,6.262744959377504,0.0,0.0,1.0,0.0
0.9774952045275542,6.459284019205215,0.0,0.0,1.0,0.0
0.7724460916384752,5.9480560426600135,0.0,0.0,1.0,0.0
2.1977946805720663,6.217133523181325,0.0,0.0,1.0,0.0
0.3646199629742175,8.758377788610673,0.0,0.0,1.0,0.0
0.8373421969854185,6.520063970562564,0.0,0.0,1.0,0.0
-0.5244117715704147,6.8658781493722065,0.0,0.0,1.0,0.0
0.7314743718107126,6.820221084523543,0.0,0.0,1.0,0.0
-1.7112615925323187,8.243098441723534,0.0,0.0,1.0,0.0
-0.27212075119762796,6.9954447795275945,0.0,0.0,1.0,0.0
1.59211665844679,6.899604157808349,0.0,0.0,1.0,0.0
-0.23300091294442452,5.32940382824248,0.0,0.0,1.0,0.0
-0.7002324829842623,5.2841905719222595,0.0,0.0,1.0,0.0
-0.0166698542668132,6.563173009672015,0.0,0.0,1.0,0.0
-0.32829886291723165,8.131414121010204,0.0,0.0,1.0,0.0
-0.25092120589348443,6.456713020866545,0.0,0.0,1.0,0.0
-2.0989315790803893,-1.4129225573678235,0.0,0.0,0.0,1.0
-3.0545888102676386,-3.0287634472963076,0.0,0.0,0.0,1.0
-1.6756704191359748,-1.2025836528618408,0.0,0.0,0.0,1.0
-2.7337946533826467,-0.6473327004967999,0.0,0.0,0.0,1.0
-3.0198117508277487,-0.011927609618569646,0.0,0.0,0.0,1.0
-2.3633099724019755,-1.6576327188472582,0.0,0.0,0.0,1.0
-1.9121197921743514,-1.889790133477196,0.0,0.0,0.0,1.0
-1.7683735807298864,-1.3345828393327044,0.0,0.0,0.0,1.0
-1.310434954663413,-1.001039134754517,0.0,0.0,0.0,1.0
-3.4839358232393867,-2.2528315533423156,0.0,0.0,0.0,1.0
-2.826545543961147,-1.5246081551795958,0.0,0.0,0.0,1.0
-0.22977881709374204,-1.5186397491404093,0.0,0.0,0.0,1.0
-1.148829650988926,-2.997293238374123,0.0,0.0,0.0,1.0
-2.1549463543699647,-2.1858979158234892,0.0,0.0,0.0,1.0
-3.829774836679657,-1.1168565788921145,0.0,0.0,0.0,1.0
-3.0574263286111423,-2.6409140640980873,0.0,0.0,0.0,1.0
-1.5233018683620856,-1.6060935043671896,0.0,0.0,0.0,1.0
-2.1036257274775574,-1.7591778121779797,0.0,0.0,0.0,1.0
-2.2132954522553305,-3.0006290729847622,0.0,0.0,0.0,1.0
-3.5223524489587454,-3.634075154628137,0.0,0.0,0.0,1.0
-3.0335776989619294,-1.72177031002258,0.0,0.0,0.0,1.0
-2.3720321041188175,-1.5030688532624503,0.0,0.0,0.0,1.0
-1.9693825496837334,-1.3011823925258397,0.0,0.0,0.0,1.0
-0.8383464264267373,-3.2960928447035096,0.0,0.0,0.0,1.0
-1.7767938564413939,-1.971871715508384,0.0,0.0,0.0,1.0
-0.5949062362149538,-1.1114421431837855,0.0,0.0,0.0,1.0
-2.0228422374153725,-0.5313666072242238,0.0,0.0,0.0,1.0
-2.1913844663031146,-2.7991748578397893,0.0,0.0,0.0,1.0
-1.5630120761032846,-0.4401519677180854,0.0,0.0,0.0,1.0
-1.9261452475128615,0.16415746022131428,0.0,0.0,0.0,1.0
-0.5761634692364281,-2.008482002091597,0.0,0.0,0.0,1.0
-2.2572258600377055,-3.484667449501363,0.0,0.0,0.0,1.0
-3.711909113803556,-2.561674159334058,0.0,0.0,0.0,1.0
-0.7051757922869688,-2.7241586347055926,0.0,0.0,0.0,1.0
-1.6782618002994865,-1.7723145299894147,0.0,0.0,0.0,1.0
-1.016857893189824,-2.647257776301225,0.0,0.0,0.0,1.0
-1.8200794626015684,-2.306862506084684,0.0,0.0,0.0,1.0
-1.2089981741535198,-2.4220102844337204,0.0,0.0,0.0,1.0
-1.2593079391007365,-1.0259315047964033,0.0,0.0,0.0,1.0
-0.22079710332375124,-2.090229650145688,0.0,0.0,0.0,1.0
-1.9194457067407278,-3.2475616997263432,0.0,0.0,0.0,1.0
-3.408142553279863,-1.2581802752967048,0.0,0.0,0.0,1.0
-1.546399288224276,-0.6410412128035166,0.0,0.0,0.0,1.0
-1.091572759581519,-2.4828352734795702,0.0,0.0,0.0,1.0
-1.2112866963479392,-3.524396591862379,0.0,0.0,0.0,1.0
-1.833510470380627,-3.480469871880377,0.0,0.0,0.0,1.0
-0.6517108277374397,-0.38635487078776776,0.0,0.0,0.0,1.0
-3.4128352139826115,-4.085558552675462,0.0,0.0,0.0,1.0
-1.6329302840919069,-3.4079512043340983,0.0,0.0,0.0,1.0
-1.3660685562182433,-2.642350553930288,0.0,0.0,0.0,1.0
0.08360736392142387,1.20617727748535,0.0,0.0,0.0,1.0
-2.189933885230356,-1.4688260767634207,0.0,0.0,0.0,1.0
-4.233003735485157,-2.3002076244991483,0.0,0.0,0.0,1.0
-3.2376316075745315,-0.5985238146932805,0.0,0.0,0.0,1.0
-0.8303576877154237,-0.18055464530211718,0.0,0.0,0.0,1.0
-0.6230592279052827,-1.1666583963521129,0.0,0.0,0.0,1.0
-2.477252029285063,-1.6879614204056081,0.0,0.0,0.0,1.0
-3.234936485132976,-3.4098259749706834,0.0,0.0,0.0,1.0
-2.5483765318992804,-2.7794458127198585,0.0,0.0,0.0,1.0
-2.1802718790361335,-4.026361677223682,0.0,0.0,0.0,1.0
-3.731092410716882,0.05529611440488802,0.0,0.0,0.0,1.0
-3.3088658892989464,-0.8258460611256799,0.0,0.0,0.0,1.0
-1.9847791582369965,-4.330471245384135,0.0,0.0,0.0,1.0
-3.35033589125252,-1.8187500655542697,0.0,0.0,0.0,1.0
-2.1976449266859426,-3.5119127399236074,0.0,0.0,0.0,1.0
-1.6633587071002935,-3.2298888734534956,0.0,0.0,0.0,1.0
-2.417895170511921,-1.1762502386243874,0.0,0.0,0.0,1.0
-3.284528215809487,0.021685597148331404,0.0,0.0,0.0,1.0
-1.3633060805995902,-2.536099079844916,0.0,0.0,0.0,1.0
-1.4409387098845108,-2.4627668977736628,0.0,0.0,0.0,1.0
-2.194188732408212,-2.6722039072539063,0.0,0.0,0.0,1.0
-0.8564074895934184,-2.1422457926056824,0.0,0.0,0.0,1.0
-1.8909604965470295,-1.1757619867935476,0.0,0.0,0.0,1.0
-2.5276879826231884,-1.49967810924799,0.0,0.0,0.0,1.0
-3.2461686346178493,-2.3087691334799016,0.0,0.0,0.0,1.0
1.8295761627048652,0.1204412810549449,0.0,0.0,0.0,1.0
2.37573629645185,2.5155532171894546,0.0,0.0,0.0,1.0
1.915984209634865,2.8283585583168693,0.0,0.0,0.0,1.0
1.5049209379657635,1.558203169867495,0.0,0.0,0.0,1.0
1.7336891706181958,2.656529057334145,0.0,0.0,0.0,1.0
1.2481742745798914,1.1627676415910284,0.0,0.0,0.0,1.0
2.7374046155279066,2.167407735677512,0.0,0.0,0.0,1.0
3.1493855861614097,2.940288385522123,0.0,0.0,0.0,1.0
-0.7065756682744113,1.8797868923863723,0.0,0.0,0.0,1.0
3.025593663699973,1.9216167609020562,0.0,0.0,0.0,1.0
2.5916141803468187,3.098906446064287,0.0,0.0,0.0,1.0
1.7203421675195343,1.3656624697330142,0.0,0.0,0.0,1.0
4.220359874933814,1.7623727784494245,0.0,0.0,0.0,1.0
3.976420606918988,1.3620613130972656,0.0,0.0,0.0,1.0
0.6348083352416742,1.8388108561860743,0.0,0.0,0.0,1.0
2.1863345083158383,3.693291971052621,0.0,0.0,0.0,1.0
1.9768260642307598,1.2556625236868653,0.0,0.0,0.0,1.0
1.9530551670321756,0.8568738075453028,0.0,0.0,0.0,1.0
3.8091558750349863,1.6859284483893409,0.0,0.0,0.0,1.0
1.892538285363722,2.0683347737296818,0.0,0.0,0.0,1.0
2.4075897259075703,0.49278052434668806,0.0,0.0,0.0,1.0
2.4405053148904363,1.73438332159411,0.0,0.0,0.0,1.0
3.0461734012825223,1.9549361005850758,0.0,0.0,0.0,1.0
2.3794139355974098,2.0999773202905203,0.0,0.0,0.0,1.0
1.553398068611738,2.7334052261545496,0.0,0.0,0.0,1.0
2.8640360250520223,3.603115295660145,0.0,0.0,0.0,1.0
1.2456880354850293,3.054684497142434,0.0,0.0,0.0,1.0
1.7243272820083242,1.0064531308289553,0.0,0.0,0.0,1.0
3.464181968007986,1.3717271630499435,0.0,0.0,0.0,1.0
1.0486694738106563,0.9150305024750556,0.0,0.0,0.0,1.0
1.273542080128291,3.199715198709719,0.0,0.0,0.0,1.0
2.0581989603044555,3.4375973295436046,0.0,0.0,0.0,1.0
0.7480167113132372,1.5625648387401898,0.0,0.0,0.0,1.0
2.9752658597231814,2.5072471517469395,0.0,0.0,0.0,1.0
2.177457872069595,2.068310135385966,0.0,0.0,0.0,1.0
2.0235433560723126,2.6637095150972465,0.0,0.0,0.0,1.0
4.094607160470128,4.498685076780856,0.0,0.0,0.0,1.0
2.420126856270517,2.111589354849763,0.0,0.0,0.0,1.0
2.7403692979792798,2.8963441377497023,0.0,0.0,0.0,1.0
3.6075303485665025,3.743291614684723,0.0,0.0,0.0,1.0
1.9197384842781857,0.9080186317292851,0.0,0.0,0.0,1.0
2.690121544776324,2.2245226501577937,0.0,0.0,0.0,1.0
1.0317962493552364,0.6889501396061535,0.0,0.0,0.0,1.0
4.1406420764016625,1.6336927453922556,0.0,0.0,0.0,1.0
3.4913619898296693,1.5695337738011201,0.0,0.0,0.0,1.0
2.9109104190584256,1.1464482878365918,0.0,0.0,0.0,1.0
0.7542601716946553,2.9085800528231074,0.0,0.0,0.0,1.0
2.1701014109093073,0.9095041152240675,0.0,0.0,0.0,1.0
1.2492991805248892,2.88579732870629,0.0,0.0,0.0,1.0
0.894453687319755,1.4891269973246337,0.0,0.0,0.0,1.0
2.299236671185928,1.9963986213261622,0.0,0.0,0.0,1.0
2.4158541980499755,0.7394887476320471,0.0,0.0,0.0,1.0
0.8505314051434958,2.552114021278867,0.0,0.0,0.0,1.0
2.778490427659103,3.5442487568673795,0.0,0.0,0.0,1.0
1.5474312059145001,1.8307559246776932,0.0,0.0,0.0,1.0
1.6346533621706199,-0.9277612298489553,0.0,0.0,0.0,1.0
1.7997456003421783,0.9897273499828938,0.0,0.0,0.0,1.0
2.2137606590281815,2.347470978428367,0.0,0.0,0.0,1.0
2.150993801425584,2.3449074865194377,0.0,0.0,0.0,1.0
2.1185459223014473,2.791373290665089,0.0,0.0,0.0,1.0
1.3462151373248286,1.5150752202992095,0.0,0.0,0.0,1.0
1.8012442700997138,2.2062623584416,0.0,0.0,0.0,1.0
3.803723428959329,0.7468826400824065,0.0,0.0,0.0,1.0
1.225424259883217,3.3486862522548506,0.0,0.0,0.0,1.0
0.7667191739807393,0.8946028613208254,0.0,0.0,0.0,1.0
2.0352437880964693,1.9775440468824292,0.0,0.0,0.0,1.0
2.8560060091788877,2.2874770733762864,0.0,0.0,0.0,1.0
3.034514412587442,2.668834879663647,0.0,0.0,0.0,1.0
2.9766910686045254,0.6127190546267764,0.0,0.0,0.0,1.0
3.0534742066989713,3.7439499514740895,0.0,0.0,0.0,1.0
2.6506107325646395,2.26460916478384,0.0,0.0,0.0,1.0
2.1486251299562347,1.7820844420471125,0.0,0.0,0.0,1.0
1.9096802492476015,0.23319137826000724,0.0,0.0,0.0,1.0
3.3204599492700053,1.93684813408701,0.0,0.0,0.0,1.0
3.0822440800207334,0.9824760810800646,0.0,0.0,0.0,1.0
